{
    "total_runtime": 110.38142585754395,
    "num_documents": 2,
    "input_load_time": 0,
    "workflows": {
        "create_base_text_units": {
            "overall": 2.0884180068969727,
            "0_orderby": 0.004448890686035156,
            "1_zip": 0.0020890235900878906,
            "2_aggregate_override": 0.004374027252197266,
            "3_chunk": 2.040721893310547,
            "4_select": 0.0034759044647216797,
            "5_unroll": 0.0054590702056884766,
            "6_rename": 0.0027310848236083984,
            "7_genid": 0.0030748844146728516,
            "8_unzip": 0.004081010818481445,
            "9_copy": 0.0026268959045410156,
            "10_filter": 0.013768196105957031
        },
        "create_base_extracted_entities": {
            "overall": 67.6248939037323,
            "0_entity_extract": 67.5877001285553,
            "1_merge_graphs": 0.03007674217224121,
            "2_snapshot_rows": 0.00397491455078125
        },
        "create_summarized_entities": {
            "overall": 3.6003987789154053,
            "0_summarize_descriptions": 3.5933640003204346,
            "1_snapshot_rows": 0.004187822341918945
        },
        "create_base_entity_graph": {
            "overall": 0.12217497825622559,
            "0_cluster_graph": 0.028653860092163086,
            "1_snapshot_rows": 0.004761695861816406,
            "2_embed_graph": 0.0699462890625,
            "3_snapshot_rows": 0.005563259124755859,
            "4_select": 0.005155801773071289
        },
        "create_final_entities": {
            "overall": 1.0864648818969727,
            "0_unpack_graph": 0.009686946868896484,
            "1_rename": 0.004261970520019531,
            "2_select": 0.00483393669128418,
            "3_dedupe": 0.005434751510620117,
            "4_rename": 0.0050811767578125,
            "5_filter": 0.01183319091796875,
            "6_text_split": 0.006937980651855469,
            "7_drop": 0.006022930145263672,
            "8_merge": 0.03424715995788574,
            "9_text_embed": 0.9686059951782227,
            "10_drop": 0.009352922439575195,
            "11_filter": 0.014890909194946289
        },
        "create_final_nodes": {
            "overall": 3.855205774307251,
            "0_layout_graph": 3.4259371757507324,
            "1_unpack_graph": 0.025860309600830078,
            "2_unpack_graph": 0.02984333038330078,
            "3_drop": 0.016923904418945312,
            "4_filter": 0.02406907081604004,
            "5_select": 0.013017892837524414,
            "6_snapshot": 0.015691041946411133,
            "7_rename": 0.010027170181274414,
            "8_join": 0.03372001647949219,
            "9_convert": 0.09575223922729492,
            "10_rename": 0.1581733226776123
        },
        "create_final_communities": {
            "overall": 0.2332448959350586,
            "0_unpack_graph": 0.013911008834838867,
            "1_unpack_graph": 0.015923261642456055,
            "2_aggregate_override": 0.010591983795166016,
            "3_join": 0.010210037231445312,
            "4_join": 0.01320505142211914,
            "5_concat": 0.0186612606048584,
            "6_filter": 0.022063732147216797,
            "7_aggregate_override": 0.010975837707519531,
            "8_join": 0.010696172714233398,
            "9_filter": 0.026549100875854492,
            "10_fill": 0.0205841064453125,
            "11_merge": 0.028680801391601562,
            "12_copy": 0.011172771453857422,
            "13_select": 0.012540817260742188
        },
        "join_text_units_to_entity_ids": {
            "overall": 0.04504203796386719,
            "0_select": 0.009820938110351562,
            "1_unroll": 0.010770082473754883,
            "2_aggregate_override": 0.014744043350219727
        },
        "create_final_relationships": {
            "overall": 0.23296284675598145,
            "0_unpack_graph": 0.015411138534545898,
            "1_filter": 0.024745941162109375,
            "2_rename": 0.01580214500427246,
            "3_filter": 0.05688285827636719,
            "4_drop": 0.033013105392456055,
            "5_compute_edge_combined_degree": 0.024203777313232422,
            "6_convert": 0.03731393814086914,
            "7_convert": 0.016047954559326172
        },
        "join_text_units_to_relationship_ids": {
            "overall": 0.1381831169128418,
            "0_select": 0.019412994384765625,
            "1_unroll": 0.030192852020263672,
            "2_aggregate_override": 0.033805131912231445,
            "3_select": 0.029432058334350586
        },
        "create_final_community_reports": {
            "overall": 26.603867053985596,
            "0_prepare_community_reports_nodes": 0.014997005462646484,
            "1_prepare_community_reports_edges": 0.012820959091186523,
            "2_restore_community_hierarchy": 0.018584012985229492,
            "3_prepare_community_reports": 0.03498125076293945,
            "4_create_community_reports": 26.49170184135437,
            "5_window": 0.014848947525024414
        },
        "create_final_text_units": {
            "overall": 0.28752994537353516,
            "0_select": 0.032731056213378906,
            "1_rename": 0.05752897262573242,
            "2_join": 0.02997612953186035,
            "3_join": 0.04309487342834473,
            "4_aggregate_override": 0.06403923034667969,
            "5_select": 0.03476905822753906
        },
        "create_base_documents": {
            "overall": 0.38081884384155273,
            "0_unroll": 0.017906904220581055,
            "1_select": 0.017512798309326172,
            "2_rename": 0.031369924545288086,
            "3_join": 0.03696107864379883,
            "4_aggregate_override": 0.13401317596435547,
            "5_join": 0.018014907836914062,
            "6_rename": 0.027577877044677734,
            "7_convert": 0.06158328056335449
        },
        "create_final_documents": {
            "overall": 0.03555703163146973,
            "0_rename": 0.01837897300720215
        }
    }
}