{
    "total_runtime": 135.4659447669983,
    "num_documents": 2,
    "input_load_time": 0,
    "workflows": {
        "create_base_text_units": {
            "overall": 1.9722347259521484,
            "0_orderby": 0.004008054733276367,
            "1_zip": 0.004753589630126953,
            "2_aggregate_override": 0.007889509201049805,
            "3_chunk": 1.8732900619506836,
            "4_select": 0.009360313415527344,
            "5_unroll": 0.022484302520751953,
            "6_rename": 0.004931926727294922,
            "7_genid": 0.008597612380981445,
            "8_unzip": 0.006973743438720703,
            "9_copy": 0.006337165832519531,
            "10_filter": 0.020748376846313477
        },
        "create_base_extracted_entities": {
            "overall": 0.8433189392089844,
            "0_entity_extract": 0.5522861480712891,
            "1_snapshot": 0.03148794174194336,
            "2_merge_graphs": 0.23713445663452148,
            "3_snapshot_rows": 0.01525259017944336
        },
        "create_final_covariates": {
            "overall": 0.31939029693603516,
            "0_extract_covariates": 0.24222707748413086,
            "1_window": 0.014867782592773438,
            "2_genid": 0.009207487106323242,
            "3_convert": 0.0212094783782959,
            "4_rename": 0.012481451034545898,
            "5_select": 0.011690378189086914
        },
        "create_summarized_entities": {
            "overall": 3.6388020515441895,
            "0_summarize_descriptions": 3.603762626647949,
            "1_snapshot_rows": 0.024514198303222656
        },
        "join_text_units_to_covariate_ids": {
            "overall": 0.05053281784057617,
            "0_select": 0.01158595085144043,
            "1_aggregate_override": 0.02854776382446289
        },
        "create_base_entity_graph": {
            "overall": 19.915794372558594,
            "0_cluster_graph": 1.456864595413208,
            "1_snapshot_rows": 0.025916099548339844,
            "2_embed_graph": 18.38326859474182,
            "3_snapshot_rows": 0.022819042205810547,
            "4_select": 0.015330076217651367
        },
        "create_final_entities": {
            "overall": 3.9983882904052734,
            "0_unpack_graph": 0.8118319511413574,
            "1_rename": 0.03102564811706543,
            "2_select": 0.026037931442260742,
            "3_dedupe": 0.026091814041137695,
            "4_rename": 0.023965835571289062,
            "5_filter": 0.08849859237670898,
            "6_text_split": 0.1313619613647461,
            "7_drop": 0.02701735496520996,
            "8_merge": 0.35297369956970215,
            "9_text_embed": 2.3901076316833496,
            "10_drop": 0.01728534698486328,
            "11_filter": 0.05876898765563965
        },
        "create_final_nodes": {
            "overall": 24.647406101226807,
            "0_layout_graph": 22.02012038230896,
            "1_unpack_graph": 1.1249115467071533,
            "2_unpack_graph": 1.134904384613037,
            "3_drop": 0.020514726638793945,
            "4_filter": 0.1400134563446045,
            "5_select": 0.01883840560913086,
            "6_snapshot": 0.022144079208374023,
            "7_rename": 0.02103400230407715,
            "8_join": 0.032716989517211914,
            "9_convert": 0.06827926635742188,
            "10_rename": 0.023250818252563477
        },
        "create_final_communities": {
            "overall": 4.605334281921387,
            "0_unpack_graph": 0.8496325016021729,
            "1_unpack_graph": 1.189216136932373,
            "2_aggregate_override": 0.026762723922729492,
            "3_join": 0.05141401290893555,
            "4_join": 0.06699776649475098,
            "5_concat": 0.043035268783569336,
            "6_filter": 1.6283812522888184,
            "7_aggregate_override": 0.07996940612792969,
            "8_join": 0.055236101150512695,
            "9_filter": 0.23644804954528809,
            "10_fill": 0.07510757446289062,
            "11_merge": 0.1936171054840088,
            "12_copy": 0.04319477081298828,
            "13_select": 0.04312014579772949
        },
        "join_text_units_to_entity_ids": {
            "overall": 0.1550133228302002,
            "0_select": 0.044222354888916016,
            "1_unroll": 0.03236269950866699,
            "2_aggregate_override": 0.05146670341491699
        },
        "create_final_relationships": {
            "overall": 1.3961308002471924,
            "0_unpack_graph": 0.7743010520935059,
            "1_filter": 0.1574563980102539,
            "2_rename": 0.02855229377746582,
            "3_filter": 0.179948091506958,
            "4_drop": 0.033615827560424805,
            "5_compute_edge_combined_degree": 0.03506135940551758,
            "6_convert": 0.08417987823486328,
            "7_convert": 0.0691537857055664
        },
        "join_text_units_to_relationship_ids": {
            "overall": 0.2127079963684082,
            "0_select": 0.048689842224121094,
            "1_unroll": 0.05356597900390625,
            "2_aggregate_override": 0.03746509552001953,
            "3_select": 0.03172564506530762
        },
        "create_final_community_reports": {
            "overall": 63.872369050979614,
            "0_prepare_community_reports_nodes": 0.13721251487731934,
            "1_prepare_community_reports_edges": 0.05869269371032715,
            "2_prepare_community_reports_claims": 0.036629438400268555,
            "3_restore_community_hierarchy": 0.05993771553039551,
            "4_prepare_community_reports": 1.2759969234466553,
            "5_create_community_reports": 62.23311495780945,
            "6_window": 0.03490757942199707
        },
        "create_final_text_units": {
            "overall": 0.3284008502960205,
            "0_select": 0.03379368782043457,
            "1_rename": 0.035714149475097656,
            "2_join": 0.040291547775268555,
            "3_join": 0.04203343391418457,
            "4_join": 0.041243791580200195,
            "5_aggregate_override": 0.06313657760620117,
            "6_select": 0.038330793380737305
        },
        "create_base_documents": {
            "overall": 0.5296993255615234,
            "0_unroll": 0.04279494285583496,
            "1_select": 0.038986921310424805,
            "2_rename": 0.039498329162597656,
            "3_join": 0.04565596580505371,
            "4_aggregate_override": 0.039508819580078125,
            "5_join": 0.041591644287109375,
            "6_rename": 0.0396120548248291,
            "7_convert": 0.20285987854003906
        },
        "create_final_documents": {
            "overall": 0.07961773872375488,
            "0_rename": 0.04016757011413574
        }
    }
}