{
    "total_runtime": 82.6511390209198,
    "num_documents": 1,
    "input_load_time": 0,
    "workflows": {
        "create_base_text_units": {
            "overall": 0.23686575889587402,
            "0_orderby": 0.0038678646087646484,
            "1_zip": 0.0031189918518066406,
            "2_aggregate_override": 0.0051839351654052734,
            "3_chunk": 0.18221473693847656,
            "4_select": 0.0030939579010009766,
            "5_unroll": 0.0055849552154541016,
            "6_rename": 0.002962827682495117,
            "7_genid": 0.005769014358520508,
            "8_unzip": 0.003573179244995117,
            "9_copy": 0.002438068389892578,
            "10_filter": 0.017573118209838867
        },
        "create_base_extracted_entities": {
            "overall": 57.78034496307373,
            "0_entity_extract": 57.74867820739746,
            "1_merge_graphs": 0.02134394645690918,
            "2_snapshot_rows": 0.004233121871948242
        },
        "create_summarized_entities": {
            "overall": 1.0381238460540771,
            "0_summarize_descriptions": 1.0256388187408447,
            "1_snapshot_rows": 0.003980159759521484
        },
        "create_base_entity_graph": {
            "overall": 0.10076212882995605,
            "0_cluster_graph": 0.02497267723083496,
            "1_snapshot_rows": 0.0044939517974853516,
            "2_embed_graph": 0.0519559383392334,
            "3_snapshot_rows": 0.006354808807373047,
            "4_select": 0.0088958740234375
        },
        "create_final_entities": {
            "overall": 1.0651192665100098,
            "0_unpack_graph": 0.008394002914428711,
            "1_rename": 0.016240835189819336,
            "2_select": 0.009121894836425781,
            "3_dedupe": 0.028243064880371094,
            "4_rename": 0.03714108467102051,
            "5_filter": 0.02137923240661621,
            "6_text_split": 0.006700992584228516,
            "7_drop": 0.005399942398071289,
            "8_merge": 0.019139766693115234,
            "9_text_embed": 0.888850212097168,
            "10_drop": 0.005911111831665039,
            "11_filter": 0.01375889778137207
        },
        "create_final_nodes": {
            "overall": 8.024922847747803,
            "0_layout_graph": 7.62050986289978,
            "1_unpack_graph": 0.011538028717041016,
            "2_unpack_graph": 0.00974726676940918,
            "3_drop": 0.008199930191040039,
            "4_filter": 0.031182050704956055,
            "5_select": 0.017213821411132812,
            "6_snapshot": 0.05306506156921387,
            "7_rename": 0.010740995407104492,
            "8_join": 0.028393983840942383,
            "9_convert": 0.16811919212341309,
            "10_rename": 0.06009721755981445
        },
        "create_final_communities": {
            "overall": 0.4279048442840576,
            "0_unpack_graph": 0.024334192276000977,
            "1_unpack_graph": 0.021986961364746094,
            "2_aggregate_override": 0.12679100036621094,
            "3_join": 0.021340131759643555,
            "4_join": 0.010843992233276367,
            "5_concat": 0.008050918579101562,
            "6_filter": 0.019916772842407227,
            "7_aggregate_override": 0.012081146240234375,
            "8_join": 0.01373910903930664,
            "9_filter": 0.09202218055725098,
            "10_fill": 0.01622295379638672,
            "11_merge": 0.011922836303710938,
            "12_copy": 0.03146505355834961,
            "13_select": 0.00913095474243164
        },
        "join_text_units_to_entity_ids": {
            "overall": 0.04068303108215332,
            "0_select": 0.008985042572021484,
            "1_unroll": 0.01199793815612793,
            "2_aggregate_override": 0.010487794876098633
        },
        "create_final_relationships": {
            "overall": 0.25297093391418457,
            "0_unpack_graph": 0.01353764533996582,
            "1_filter": 0.023028850555419922,
            "2_rename": 0.01518392562866211,
            "3_filter": 0.034787893295288086,
            "4_drop": 0.02300405502319336,
            "5_compute_edge_combined_degree": 0.032945871353149414,
            "6_convert": 0.06148195266723633,
            "7_convert": 0.03767514228820801
        },
        "join_text_units_to_relationship_ids": {
            "overall": 0.06347918510437012,
            "0_select": 0.019352197647094727,
            "1_unroll": 0.01126241683959961,
            "2_aggregate_override": 0.011348962783813477,
            "3_select": 0.010653257369995117
        },
        "create_final_community_reports": {
            "overall": 9.191748857498169,
            "0_prepare_community_reports_nodes": 0.012928009033203125,
            "1_prepare_community_reports_edges": 0.012208223342895508,
            "2_restore_community_hierarchy": 0.012840986251831055,
            "3_prepare_community_reports": 0.06018710136413574,
            "4_create_community_reports": 9.05380392074585,
            "5_window": 0.02758502960205078
        },
        "create_final_text_units": {
            "overall": 0.1721181869506836,
            "0_select": 0.01629018783569336,
            "1_rename": 0.013314247131347656,
            "2_join": 0.018497943878173828,
            "3_join": 0.024454832077026367,
            "4_aggregate_override": 0.058448076248168945,
            "5_select": 0.0289309024810791
        },
        "create_base_documents": {
            "overall": 0.15300798416137695,
            "0_unroll": 0.014739990234375,
            "1_select": 0.013533353805541992,
            "2_rename": 0.014400005340576172,
            "3_join": 0.01662611961364746,
            "4_aggregate_override": 0.015559911727905273,
            "5_join": 0.016705989837646484,
            "6_rename": 0.015260934829711914,
            "7_convert": 0.03255820274353027
        },
        "create_final_documents": {
            "overall": 0.041786909103393555,
            "0_rename": 0.016137123107910156
        }
    }
}