{
    "total_runtime": 0.2538630962371826,
    "num_documents": 1,
    "input_load_time": 0,
    "workflows": {
        "create_base_text_units": {
            "overall": 0.1742410659790039,
            "0_orderby": 0.0031549930572509766,
            "1_zip": 0.0023658275604248047,
            "2_aggregate_override": 0.00780487060546875,
            "3_chunk": 0.1315629482269287,
            "4_select": 0.0030350685119628906,
            "5_unroll": 0.005408048629760742,
            "6_rename": 0.0019450187683105469,
            "7_genid": 0.0028390884399414062,
            "8_unzip": 0.002772808074951172,
            "9_copy": 0.0024678707122802734,
            "10_filter": 0.00958395004272461
        }
    }
}