{
    "total_runtime": 6.47579288482666,
    "num_documents": 1,
    "input_load_time": 0,
    "workflows": {
        "create_base_text_units": {
            "overall": 0.16627717018127441,
            "0_orderby": 0.0035970211029052734,
            "1_zip": 0.0018470287322998047,
            "2_aggregate_override": 0.004055023193359375,
            "3_chunk": 0.12868309020996094,
            "4_select": 0.002821207046508789,
            "5_unroll": 0.005218982696533203,
            "6_rename": 0.0021491050720214844,
            "7_genid": 0.002498149871826172,
            "8_unzip": 0.002290010452270508,
            "9_copy": 0.002213001251220703,
            "10_filter": 0.009367942810058594
        },
        "create_base_extracted_entities": {
            "overall": 0.045773983001708984,
            "0_entity_extract": 0.030872821807861328,
            "1_merge_graphs": 0.008597135543823242,
            "2_snapshot_rows": 0.0036177635192871094
        },
        "create_summarized_entities": {
            "overall": 0.02675604820251465,
            "0_summarize_descriptions": 0.019794940948486328,
            "1_snapshot_rows": 0.003776073455810547
        },
        "create_base_entity_graph": {
            "overall": 0.08016204833984375,
            "0_cluster_graph": 0.018535852432250977,
            "1_snapshot_rows": 0.0045032501220703125,
            "2_embed_graph": 0.042691707611083984,
            "3_snapshot_rows": 0.005429983139038086,
            "4_select": 0.005393266677856445
        },
        "create_final_entities": {
            "overall": 0.23266887664794922,
            "0_unpack_graph": 0.0072438716888427734,
            "1_rename": 0.004275798797607422,
            "2_select": 0.0048100948333740234,
            "3_dedupe": 0.005615234375,
            "4_rename": 0.005755186080932617,
            "5_filter": 0.012032032012939453,
            "6_text_split": 0.005688905715942383,
            "7_drop": 0.005568981170654297,
            "8_merge": 0.015675067901611328,
            "9_text_embed": 0.14285993576049805,
            "10_drop": 0.0057489871978759766,
            "11_filter": 0.01332998275756836
        },
        "create_final_nodes": {
            "overall": 3.2783870697021484,
            "0_layout_graph": 3.160521984100342,
            "1_unpack_graph": 0.01040792465209961,
            "2_unpack_graph": 0.011495828628540039,
            "3_drop": 0.007411003112792969,
            "4_filter": 0.016080856323242188,
            "5_select": 0.006790876388549805,
            "6_snapshot": 0.00804901123046875,
            "7_rename": 0.0069577693939208984,
            "8_join": 0.012087106704711914,
            "9_convert": 0.024879932403564453,
            "10_rename": 0.006999015808105469
        },
        "create_final_communities": {
            "overall": 0.19301819801330566,
            "0_unpack_graph": 0.010084152221679688,
            "1_unpack_graph": 0.010200023651123047,
            "2_aggregate_override": 0.015155315399169922,
            "3_join": 0.014912843704223633,
            "4_join": 0.012012004852294922,
            "5_concat": 0.010397195816040039,
            "6_filter": 0.02092289924621582,
            "7_aggregate_override": 0.016267061233520508,
            "8_join": 0.01443791389465332,
            "9_filter": 0.023517131805419922,
            "10_fill": 0.008718013763427734,
            "11_merge": 0.009701251983642578,
            "12_copy": 0.00893712043762207,
            "13_select": 0.010160207748413086
        },
        "join_text_units_to_entity_ids": {
            "overall": 0.03917407989501953,
            "0_select": 0.009686708450317383,
            "1_unroll": 0.010011911392211914,
            "2_aggregate_override": 0.010529041290283203
        },
        "create_final_relationships": {
            "overall": 0.13391900062561035,
            "0_unpack_graph": 0.013927936553955078,
            "1_filter": 0.020788908004760742,
            "2_rename": 0.012718677520751953,
            "3_filter": 0.02132391929626465,
            "4_drop": 0.00973200798034668,
            "5_compute_edge_combined_degree": 0.012516021728515625,
            "6_convert": 0.022177934646606445,
            "7_convert": 0.011424064636230469
        },
        "join_text_units_to_relationship_ids": {
            "overall": 0.055628061294555664,
            "0_select": 0.010950803756713867,
            "1_unroll": 0.01168680191040039,
            "2_aggregate_override": 0.011717081069946289,
            "3_select": 0.010792255401611328
        },
        "create_final_community_reports": {
            "overall": 0.10979795455932617,
            "0_prepare_community_reports_nodes": 0.012260675430297852,
            "1_prepare_community_reports_edges": 0.012192010879516602,
            "2_restore_community_hierarchy": 0.012454986572265625,
            "3_prepare_community_reports": 0.030909299850463867,
            "4_create_community_reports": 0.017818212509155273,
            "5_window": 0.012929201126098633
        },
        "create_final_text_units": {
            "overall": 0.18571925163269043,
            "0_select": 0.01296687126159668,
            "1_rename": 0.011850118637084961,
            "2_join": 0.09460997581481934,
            "3_join": 0.024423837661743164,
            "4_aggregate_override": 0.01578211784362793,
            "5_select": 0.01358795166015625
        },
        "create_base_documents": {
            "overall": 0.14473605155944824,
            "0_unroll": 0.01442408561706543,
            "1_select": 0.014034032821655273,
            "2_rename": 0.01389002799987793,
            "3_join": 0.015326976776123047,
            "4_aggregate_override": 0.014798879623413086,
            "5_join": 0.01597118377685547,
            "6_rename": 0.013926982879638672,
            "7_convert": 0.029176950454711914
        },
        "create_final_documents": {
            "overall": 0.02881598472595215,
            "0_rename": 0.014281034469604492
        }
    }
}