{
    "total_runtime": 0.36495113372802734,
    "num_documents": 1,
    "input_load_time": 0,
    "workflows": {
        "create_base_text_units": {
            "overall": 0.2014012336730957,
            "0_orderby": 0.005460977554321289,
            "1_zip": 0.004027843475341797,
            "2_aggregate_override": 0.006366252899169922,
            "3_chunk": 0.15540695190429688,
            "4_select": 0.0025441646575927734,
            "5_unroll": 0.006610870361328125,
            "6_rename": 0.0022270679473876953,
            "7_genid": 0.002695798873901367,
            "8_unzip": 0.002252817153930664,
            "9_copy": 0.0028710365295410156,
            "10_filter": 0.009487152099609375
        }
    }
}