{
    "total_runtime": 627.2842607498169,
    "num_documents": 2,
    "input_load_time": 0,
    "workflows": {
        "create_base_text_units": {
            "overall": 0.18772506713867188,
            "0_orderby": 0.005352973937988281,
            "1_zip": 0.0018658638000488281,
            "2_aggregate_override": 0.004503965377807617,
            "3_chunk": 0.14052677154541016,
            "4_select": 0.003237009048461914,
            "5_unroll": 0.005774021148681641,
            "6_rename": 0.0018482208251953125,
            "7_genid": 0.003058910369873047,
            "8_unzip": 0.0034198760986328125,
            "9_copy": 0.0044977664947509766,
            "10_filter": 0.012221813201904297
        },
        "create_base_extracted_entities": {
            "overall": 170.52057814598083,
            "0_entity_extract": 170.43285703659058,
            "1_snapshot": 0.014307737350463867,
            "2_merge_graphs": 0.05527782440185547,
            "3_snapshot_rows": 0.015182733535766602
        },
        "create_final_covariates": {
            "overall": 138.16177701950073,
            "0_extract_covariates": 138.1288640499115,
            "1_window": 0.007530927658081055,
            "2_genid": 0.004235982894897461,
            "3_convert": 0.009003162384033203,
            "4_rename": 0.0047092437744140625,
            "5_select": 0.004500865936279297
        },
        "create_summarized_entities": {
            "overall": 26.055041790008545,
            "0_summarize_descriptions": 26.044938802719116,
            "1_snapshot_rows": 0.006138801574707031
        },
        "join_text_units_to_covariate_ids": {
            "overall": 0.020305156707763672,
            "0_select": 0.005405902862548828,
            "1_aggregate_override": 0.010350227355957031
        },
        "create_base_entity_graph": {
            "overall": 3.6039669513702393,
            "0_cluster_graph": 0.36945414543151855,
            "1_snapshot_rows": 0.00653076171875,
            "2_embed_graph": 3.2057108879089355,
            "3_snapshot_rows": 0.008419990539550781,
            "4_select": 0.006948947906494141
        },
        "create_final_entities": {
            "overall": 2.3849778175354004,
            "0_unpack_graph": 0.1312859058380127,
            "1_rename": 0.008546113967895508,
            "2_select": 0.015413999557495117,
            "3_dedupe": 0.013957977294921875,
            "4_rename": 0.009531736373901367,
            "5_filter": 0.030912160873413086,
            "6_text_split": 0.013168811798095703,
            "7_drop": 0.0072231292724609375,
            "8_merge": 0.18193578720092773,
            "9_text_embed": 1.8843812942504883,
            "10_drop": 0.031327009201049805,
            "11_filter": 0.050205230712890625
        },
        "create_final_nodes": {
            "overall": 7.806802272796631,
            "0_layout_graph": 7.048135042190552,
            "1_unpack_graph": 0.32768988609313965,
            "2_unpack_graph": 0.24556684494018555,
            "3_filter": 0.03555417060852051,
            "4_drop": 0.008181095123291016,
            "5_select": 0.008265018463134766,
            "6_snapshot": 0.011549949645996094,
            "7_rename": 0.006774187088012695,
            "8_join": 0.05425906181335449,
            "9_convert": 0.04317593574523926,
            "10_rename": 0.009690046310424805
        },
        "create_final_communities": {
            "overall": 0.801645040512085,
            "0_unpack_graph": 0.1297321319580078,
            "1_unpack_graph": 0.3009300231933594,
            "2_aggregate_override": 0.014883041381835938,
            "3_join": 0.020913362503051758,
            "4_join": 0.02169489860534668,
            "5_concat": 0.012042999267578125,
            "6_filter": 0.11513423919677734,
            "7_aggregate_override": 0.014974117279052734,
            "8_join": 0.01894402503967285,
            "9_filter": 0.06996011734008789,
            "10_fill": 0.013499736785888672,
            "11_merge": 0.02553415298461914,
            "12_copy": 0.020117998123168945,
            "13_select": 0.012024879455566406
        },
        "join_text_units_to_entity_ids": {
            "overall": 0.036808013916015625,
            "0_select": 0.008479833602905273,
            "1_unroll": 0.009806156158447266,
            "2_aggregate_override": 0.00973367691040039
        },
        "create_final_relationships": {
            "overall": 0.34757399559020996,
            "0_unpack_graph": 0.1671459674835205,
            "1_filter": 0.047338008880615234,
            "2_rename": 0.013714790344238281,
            "3_filter": 0.0385279655456543,
            "4_drop": 0.013823986053466797,
            "5_compute_edge_combined_degree": 0.01891922950744629,
            "6_convert": 0.025524139404296875,
            "7_convert": 0.011754989624023438
        },
        "join_text_units_to_relationship_ids": {
            "overall": 0.10234212875366211,
            "0_select": 0.031418800354003906,
            "1_unroll": 0.01947617530822754,
            "2_aggregate_override": 0.014686107635498047,
            "3_select": 0.01587677001953125
        },
        "create_final_community_reports": {
            "overall": 270.1235342025757,
            "0_prepare_community_reports_nodes": 0.1275472640991211,
            "1_prepare_community_reports_edges": 0.04072976112365723,
            "2_prepare_community_reports_claims": 0.01958608627319336,
            "3_restore_community_hierarchy": 0.033129215240478516,
            "4_prepare_community_reports": 0.6737158298492432,
            "5_create_community_reports": 269.18077087402344,
            "6_window": 0.024690866470336914
        },
        "create_final_text_units": {
            "overall": 0.19504404067993164,
            "0_select": 0.016559839248657227,
            "1_rename": 0.015359878540039062,
            "2_join": 0.02242898941040039,
            "3_join": 0.023797988891601562,
            "4_join": 0.035468101501464844,
            "5_aggregate_override": 0.03159189224243164,
            "6_select": 0.021487951278686523
        },
        "create_base_documents": {
            "overall": 0.27536582946777344,
            "0_unroll": 0.027015209197998047,
            "1_select": 0.017544984817504883,
            "2_rename": 0.025589942932128906,
            "3_join": 0.028524160385131836,
            "4_aggregate_override": 0.021464109420776367,
            "5_join": 0.020035982131958008,
            "6_rename": 0.028005123138427734,
            "7_convert": 0.08077502250671387
        },
        "create_final_documents": {
            "overall": 0.05763888359069824,
            "0_rename": 0.020055055618286133
        }
    }
}