{
    "total_runtime": 1.3547461032867432,
    "num_documents": 1,
    "input_load_time": 0,
    "workflows": {
        "create_base_text_units": {
            "overall": 0.16565823554992676,
            "0_orderby": 0.004079103469848633,
            "1_zip": 0.0023670196533203125,
            "2_aggregate_override": 0.004027843475341797,
            "3_chunk": 0.12630915641784668,
            "4_select": 0.002817869186401367,
            "5_unroll": 0.005354881286621094,
            "6_rename": 0.0019342899322509766,
            "7_genid": 0.003165006637573242,
            "8_unzip": 0.002978086471557617,
            "9_copy": 0.002137899398803711,
            "10_filter": 0.009170055389404297
        },
        "create_base_extracted_entities": {
            "overall": 0.8515548706054688,
            "0_entity_extract": 0.8430197238922119,
            "1_merge_graphs": 0.0060389041900634766
        },
        "create_summarized_entities": {
            "overall": 0.007624149322509766,
            "0_summarize_descriptions": 0.004570960998535156
        }
    }
}