{
    "total_runtime": 1188.531399488449,
    "num_documents": 4,
    "input_load_time": 0,
    "workflows": {
        "create_base_text_units": {
            "overall": 0.23715472221374512,
            "0_orderby": 0.006958961486816406,
            "1_zip": 0.0028285980224609375,
            "2_aggregate_override": 0.007381439208984375,
            "3_chunk": 0.18817734718322754,
            "4_select": 0.003434896469116211,
            "5_unroll": 0.005831241607666016,
            "6_rename": 0.0024526119232177734,
            "7_genid": 0.005001068115234375,
            "8_unzip": 0.0022802352905273438,
            "9_copy": 0.0018491744995117188,
            "10_filter": 0.009435653686523438
        },
        "create_base_extracted_entities": {
            "overall": 337.2024972438812,
            "0_entity_extract": 336.99116349220276,
            "1_snapshot": 0.04557394981384277,
            "2_merge_graphs": 0.15277719497680664,
            "3_snapshot_rows": 0.010407209396362305
        },
        "create_final_covariates": {
            "overall": 228.14945673942566,
            "0_extract_covariates": 228.1069300174713,
            "1_window": 0.008084774017333984,
            "2_genid": 0.0065305233001708984,
            "3_convert": 0.011359214782714844,
            "4_rename": 0.006598234176635742,
            "5_select": 0.006579399108886719
        },
        "create_summarized_entities": {
            "overall": 91.96097707748413,
            "0_summarize_descriptions": 91.91849684715271,
            "1_snapshot_rows": 0.03540778160095215
        },
        "join_text_units_to_covariate_ids": {
            "overall": 0.17081904411315918,
            "0_select": 0.01910400390625,
            "1_aggregate_override": 0.14102697372436523
        },
        "create_base_entity_graph": {
            "overall": 30.587630033493042,
            "0_cluster_graph": 4.361170768737793,
            "1_snapshot_rows": 0.2219860553741455,
            "2_embed_graph": 25.818952322006226,
            "3_snapshot_rows": 0.15304827690124512,
            "4_select": 0.025393247604370117
        },
        "create_final_entities": {
            "overall": 22.053760766983032,
            "0_unpack_graph": 8.975635051727295,
            "1_rename": 0.009960651397705078,
            "2_select": 0.009705066680908203,
            "3_dedupe": 0.009039878845214844,
            "4_rename": 0.005914449691772461,
            "5_filter": 0.03490328788757324,
            "6_text_split": 0.02244734764099121,
            "7_drop": 0.006162166595458984,
            "8_merge": 0.3862292766571045,
            "9_text_embed": 12.084928750991821,
            "10_drop": 0.260711669921875,
            "11_filter": 0.21408843994140625
        },
        "create_final_nodes": {
            "overall": 74.15477299690247,
            "0_layout_graph": 72.4614725112915,
            "1_unpack_graph": 0.8599071502685547,
            "2_unpack_graph": 0.6051692962646484,
            "3_filter": 0.06835365295410156,
            "4_drop": 0.007376670837402344,
            "5_select": 0.00676727294921875,
            "6_snapshot": 0.012741327285766602,
            "7_rename": 0.008517980575561523,
            "8_join": 0.02883458137512207,
            "9_convert": 0.02842092514038086,
            "10_rename": 0.009086370468139648
        },
        "create_final_communities": {
            "overall": 2.450559139251709,
            "0_unpack_graph": 0.8663427829742432,
            "1_unpack_graph": 0.7565982341766357,
            "2_aggregate_override": 0.02015066146850586,
            "3_join": 0.052507877349853516,
            "4_join": 0.03961920738220215,
            "5_concat": 0.010512590408325195,
            "6_filter": 0.5422699451446533,
            "7_aggregate_override": 0.023606061935424805,
            "8_join": 0.012389421463012695,
            "9_filter": 0.024011611938476562,
            "10_fill": 0.008784770965576172,
            "11_merge": 0.029554367065429688,
            "12_copy": 0.03262686729431152,
            "13_select": 0.021604061126708984
        },
        "join_text_units_to_entity_ids": {
            "overall": 0.1006155014038086,
            "0_select": 0.014850616455078125,
            "1_unroll": 0.035711050033569336,
            "2_aggregate_override": 0.024012327194213867
        },
        "create_final_relationships": {
            "overall": 1.4762232303619385,
            "0_unpack_graph": 1.1751160621643066,
            "1_filter": 0.14323735237121582,
            "2_rename": 0.01723480224609375,
            "3_filter": 0.05518698692321777,
            "4_drop": 0.012118816375732422,
            "5_compute_edge_combined_degree": 0.014234066009521484,
            "6_convert": 0.022075414657592773,
            "7_convert": 0.023156404495239258
        },
        "join_text_units_to_relationship_ids": {
            "overall": 0.06238842010498047,
            "0_select": 0.012438058853149414,
            "1_unroll": 0.01295328140258789,
            "2_aggregate_override": 0.013205289840698242,
            "3_select": 0.010326147079467773
        },
        "create_final_community_reports": {
            "overall": 331.7151732444763,
            "0_prepare_community_reports_nodes": 0.08168196678161621,
            "1_prepare_community_reports_edges": 0.024393081665039062,
            "2_prepare_community_reports_claims": 0.016152620315551758,
            "3_restore_community_hierarchy": 0.035323381423950195,
            "4_prepare_community_reports": 0.9748756885528564,
            "5_create_community_reports": 330.521728515625,
            "6_window": 0.03194546699523926
        },
        "create_final_text_units": {
            "overall": 0.11709380149841309,
            "0_select": 0.015434980392456055,
            "1_rename": 0.012575864791870117,
            "2_join": 0.01634383201599121,
            "3_join": 0.015706777572631836,
            "4_join": 0.015588045120239258,
            "5_aggregate_override": 0.014453649520874023,
            "6_select": 0.012700080871582031
        },
        "create_base_documents": {
            "overall": 0.23418474197387695,
            "0_unroll": 0.013230085372924805,
            "1_select": 0.016607284545898438,
            "2_rename": 0.015616416931152344,
            "3_join": 0.08057427406311035,
            "4_aggregate_override": 0.016982555389404297,
            "5_join": 0.0155029296875,
            "6_rename": 0.01654648780822754,
            "7_convert": 0.04714703559875488
        },
        "create_final_documents": {
            "overall": 0.031334877014160156,
            "0_rename": 0.018108844757080078
        }
    }
}