{
    "total_runtime": 587.0419588088989,
    "num_documents": 1,
    "input_load_time": 0,
    "workflows": {
        "create_base_text_units": {
            "overall": 0.27809786796569824,
            "0_orderby": 0.004933357238769531,
            "1_zip": 0.002577066421508789,
            "2_aggregate_override": 0.006456613540649414,
            "3_chunk": 0.2312145233154297,
            "4_select": 0.004644155502319336,
            "5_unroll": 0.006185293197631836,
            "6_rename": 0.0027365684509277344,
            "7_genid": 0.003219127655029297,
            "8_unzip": 0.0026962757110595703,
            "9_copy": 0.0020165443420410156,
            "10_filter": 0.010167360305786133
        },
        "create_base_extracted_entities": {
            "overall": 200.73486065864563,
            "0_entity_extract": 200.5583963394165,
            "1_snapshot": 0.02570819854736328,
            "2_merge_graphs": 0.1340312957763672,
            "3_snapshot_rows": 0.012789011001586914
        },
        "create_final_covariates": {
            "overall": 0.10694003105163574,
            "0_extract_covariates": 0.08164072036743164,
            "1_window": 0.0035943984985351562,
            "2_genid": 0.0035076141357421875,
            "3_convert": 0.008059501647949219,
            "4_rename": 0.003099203109741211,
            "5_select": 0.003350973129272461
        },
        "create_summarized_entities": {
            "overall": 18.377408027648926,
            "0_summarize_descriptions": 18.36158299446106,
            "1_snapshot_rows": 0.011904716491699219
        },
        "join_text_units_to_covariate_ids": {
            "overall": 0.025089025497436523,
            "0_select": 0.006565093994140625,
            "1_aggregate_override": 0.011329889297485352
        },
        "create_base_entity_graph": {
            "overall": 4.001675128936768,
            "0_cluster_graph": 0.33349084854125977,
            "1_snapshot_rows": 0.019908428192138672,
            "2_embed_graph": 3.40474271774292,
            "3_snapshot_rows": 0.1873331069946289,
            "4_select": 0.05222153663635254
        },
        "create_final_entities": {
            "overall": 2.0388026237487793,
            "0_unpack_graph": 0.11625313758850098,
            "1_rename": 0.008584260940551758,
            "2_select": 0.0059413909912109375,
            "3_dedupe": 0.0067195892333984375,
            "4_rename": 0.0053136348724365234,
            "5_filter": 0.031118392944335938,
            "6_text_split": 0.019254207611083984,
            "7_drop": 0.02828812599182129,
            "8_merge": 0.0956735610961914,
            "9_text_embed": 1.6695220470428467,
            "10_drop": 0.011039972305297852,
            "11_filter": 0.02683877944946289
        },
        "create_final_nodes": {
            "overall": 10.381420850753784,
            "0_layout_graph": 9.700441598892212,
            "1_unpack_graph": 0.2411484718322754,
            "2_unpack_graph": 0.2792470455169678,
            "3_filter": 0.030277252197265625,
            "4_drop": 0.007983207702636719,
            "5_select": 0.009097099304199219,
            "6_snapshot": 0.010268211364746094,
            "7_rename": 0.00806736946105957,
            "8_convert": 0.03861284255981445,
            "9_join": 0.0187835693359375,
            "10_rename": 0.010765790939331055
        },
        "create_final_communities": {
            "overall": 0.9307990074157715,
            "0_unpack_graph": 0.09052109718322754,
            "1_unpack_graph": 0.2796623706817627,
            "2_aggregate_override": 0.011496305465698242,
            "3_join": 0.0422971248626709,
            "4_join": 0.0238339900970459,
            "5_concat": 0.010031461715698242,
            "6_filter": 0.3431220054626465,
            "7_aggregate_override": 0.029775381088256836,
            "8_join": 0.016811847686767578,
            "9_filter": 0.020335912704467773,
            "10_fill": 0.008179903030395508,
            "11_merge": 0.015482664108276367,
            "12_copy": 0.013491392135620117,
            "13_select": 0.01628851890563965
        },
        "join_text_units_to_entity_ids": {
            "overall": 0.06734323501586914,
            "0_select": 0.009002208709716797,
            "1_unroll": 0.03510284423828125,
            "2_aggregate_override": 0.013802766799926758
        },
        "create_final_relationships": {
            "overall": 0.36867332458496094,
            "0_unpack_graph": 0.16987895965576172,
            "1_filter": 0.04868912696838379,
            "2_rename": 0.011057853698730469,
            "3_filter": 0.03673553466796875,
            "4_drop": 0.013250350952148438,
            "5_compute_edge_combined_degree": 0.020687580108642578,
            "6_convert": 0.03246474266052246,
            "7_convert": 0.01535344123840332
        },
        "join_text_units_to_relationship_ids": {
            "overall": 0.0804140567779541,
            "0_select": 0.01375269889831543,
            "1_unroll": 0.013718605041503906,
            "2_aggregate_override": 0.027321338653564453,
            "3_select": 0.012871265411376953
        },
        "create_final_community_reports": {
            "overall": 338.77023243904114,
            "0_prepare_community_reports_nodes": 0.04258394241333008,
            "1_prepare_community_reports_edges": 0.02589583396911621,
            "2_prepare_community_reports_claims": 0.015239715576171875,
            "3_restore_community_hierarchy": 0.020676136016845703,
            "4_prepare_community_reports": 0.6444807052612305,
            "5_create_community_reports": 337.9709093570709,
            "6_window": 0.021309614181518555
        },
        "create_final_text_units": {
            "overall": 0.18959522247314453,
            "0_select": 0.029093503952026367,
            "1_rename": 0.02073383331298828,
            "2_join": 0.038782596588134766,
            "3_join": 0.02734661102294922,
            "4_join": 0.017482757568359375,
            "5_aggregate_override": 0.016314029693603516,
            "6_select": 0.021203279495239258
        },
        "create_base_documents": {
            "overall": 0.2038881778717041,
            "0_unroll": 0.022261619567871094,
            "1_select": 0.02303004264831543,
            "2_rename": 0.012860298156738281,
            "3_join": 0.02207493782043457,
            "4_aggregate_override": 0.01636528968811035,
            "5_join": 0.019821882247924805,
            "6_rename": 0.01391744613647461,
            "7_convert": 0.02918076515197754
        },
        "create_final_documents": {
            "overall": 0.03125262260437012,
            "0_rename": 0.01453709602355957
        }
    }
}