{
    "total_runtime": 16.7663631439209,
    "num_documents": 1,
    "input_load_time": 0,
    "workflows": {
        "create_base_text_units": {
            "overall": 0.2531111240386963,
            "0_orderby": 0.005079030990600586,
            "1_zip": 0.0033702850341796875,
            "2_aggregate_override": 0.007142305374145508,
            "3_chunk": 0.1824510097503662,
            "4_select": 0.004569292068481445,
            "5_unroll": 0.008913040161132812,
            "6_rename": 0.0033609867095947266,
            "7_genid": 0.013740777969360352,
            "8_unzip": 0.004534006118774414,
            "9_copy": 0.002880096435546875,
            "10_filter": 0.015568733215332031
        },
        "create_base_extracted_entities": {
            "overall": 0.14944887161254883,
            "0_entity_extract": 0.08353304862976074,
            "1_snapshot": 0.007414817810058594,
            "2_merge_graphs": 0.047060251235961914,
            "3_snapshot_rows": 0.008961200714111328
        },
        "create_final_covariates": {
            "overall": 0.09523510932922363,
            "0_extract_covariates": 0.05662393569946289,
            "1_window": 0.0046269893646240234,
            "2_genid": 0.0041790008544921875,
            "3_convert": 0.009504079818725586,
            "4_rename": 0.009574174880981445,
            "5_select": 0.005776882171630859
        },
        "create_summarized_entities": {
            "overall": 0.3807387351989746,
            "0_summarize_descriptions": 0.3688523769378662,
            "1_snapshot_rows": 0.007180929183959961
        },
        "join_text_units_to_covariate_ids": {
            "overall": 0.016939163208007812,
            "0_select": 0.004333019256591797,
            "1_aggregate_override": 0.008270740509033203
        },
        "create_base_entity_graph": {
            "overall": 4.125400066375732,
            "0_cluster_graph": 0.28295278549194336,
            "1_snapshot_rows": 0.008585929870605469,
            "2_embed_graph": 3.8121039867401123,
            "3_snapshot_rows": 0.007609844207763672,
            "4_select": 0.009488105773925781
        },
        "create_final_entities": {
            "overall": 0.5062520503997803,
            "0_unpack_graph": 0.06512904167175293,
            "1_rename": 0.005597829818725586,
            "2_select": 0.006062984466552734,
            "3_dedupe": 0.0068361759185791016,
            "4_rename": 0.006062746047973633,
            "5_filter": 0.015486001968383789,
            "6_text_split": 0.01049184799194336,
            "7_drop": 0.006152153015136719,
            "8_merge": 0.046189069747924805,
            "9_text_embed": 0.3012690544128418,
            "10_drop": 0.006530046463012695,
            "11_filter": 0.025360107421875
        },
        "create_final_nodes": {
            "overall": 6.058462858200073,
            "0_layout_graph": 5.571896076202393,
            "1_unpack_graph": 0.18016576766967773,
            "2_unpack_graph": 0.18811392784118652,
            "3_filter": 0.023972034454345703,
            "4_drop": 0.00777125358581543,
            "5_select": 0.0073506832122802734,
            "6_snapshot": 0.00831294059753418,
            "7_rename": 0.007619142532348633,
            "8_join": 0.013836145401000977,
            "9_convert": 0.030680179595947266,
            "10_rename": 0.009959936141967773
        },
        "create_final_communities": {
            "overall": 0.57145094871521,
            "0_unpack_graph": 0.07132482528686523,
            "1_unpack_graph": 0.178070068359375,
            "2_aggregate_override": 0.012033939361572266,
            "3_join": 0.01707315444946289,
            "4_join": 0.01707625389099121,
            "5_concat": 0.009082794189453125,
            "6_filter": 0.12665724754333496,
            "7_aggregate_override": 0.01761007308959961,
            "8_join": 0.015697240829467773,
            "9_filter": 0.027001142501831055,
            "10_fill": 0.012800931930541992,
            "11_merge": 0.02394890785217285,
            "12_copy": 0.012449026107788086,
            "13_select": 0.021979093551635742
        },
        "join_text_units_to_entity_ids": {
            "overall": 0.06279897689819336,
            "0_select": 0.013029098510742188,
            "1_unroll": 0.013917922973632812,
            "2_aggregate_override": 0.015278100967407227
        },
        "create_final_relationships": {
            "overall": 0.24249720573425293,
            "0_unpack_graph": 0.0826578140258789,
            "1_filter": 0.036147117614746094,
            "2_rename": 0.014066934585571289,
            "3_filter": 0.03792595863342285,
            "4_drop": 0.011837244033813477,
            "5_compute_edge_combined_degree": 0.013636112213134766,
            "6_convert": 0.022593021392822266,
            "7_convert": 0.011283159255981445
        },
        "join_text_units_to_relationship_ids": {
            "overall": 0.0601499080657959,
            "0_select": 0.012076139450073242,
            "1_unroll": 0.01220703125,
            "2_aggregate_override": 0.012565135955810547,
            "3_select": 0.012161970138549805
        },
        "create_final_community_reports": {
            "overall": 0.43292808532714844,
            "0_prepare_community_reports_nodes": 0.02101922035217285,
            "1_prepare_community_reports_edges": 0.01748180389404297,
            "2_prepare_community_reports_claims": 0.013701200485229492,
            "3_restore_community_hierarchy": 0.017541170120239258,
            "4_prepare_community_reports": 0.26804471015930176,
            "5_create_community_reports": 0.0694882869720459,
            "6_window": 0.013661861419677734
        },
        "create_final_text_units": {
            "overall": 0.11680221557617188,
            "0_select": 0.013817071914672852,
            "1_rename": 0.014198064804077148,
            "2_join": 0.01524209976196289,
            "3_join": 0.015228271484375,
            "4_join": 0.015633106231689453,
            "5_aggregate_override": 0.015614986419677734,
            "6_select": 0.013566970825195312
        },
        "create_base_documents": {
            "overall": 0.17650294303894043,
            "0_unroll": 0.014770984649658203,
            "1_select": 0.014767169952392578,
            "2_rename": 0.014019250869750977,
            "3_join": 0.01628398895263672,
            "4_aggregate_override": 0.014809131622314453,
            "5_join": 0.018041133880615234,
            "6_rename": 0.020190954208374023,
            "7_convert": 0.050158023834228516
        },
        "create_final_documents": {
            "overall": 0.0290219783782959,
            "0_rename": 0.014364004135131836
        }
    }
}