{
    "total_runtime": 1014.0511169433594,
    "num_documents": 4,
    "input_load_time": 0,
    "workflows": {
        "create_base_text_units": {
            "overall": 0.23015499114990234,
            "0_orderby": 0.003179788589477539,
            "1_zip": 0.002340078353881836,
            "2_aggregate_override": 0.0068531036376953125,
            "3_chunk": 0.18628406524658203,
            "4_select": 0.0034799575805664062,
            "5_unroll": 0.006211996078491211,
            "6_rename": 0.002354860305786133,
            "7_genid": 0.004377126693725586,
            "8_unzip": 0.0024788379669189453,
            "9_copy": 0.002026081085205078,
            "10_filter": 0.009238004684448242
        },
        "create_base_extracted_entities": {
            "overall": 329.0607838630676,
            "0_entity_extract": 328.8698511123657,
            "1_snapshot": 0.030389070510864258,
            "2_merge_graphs": 0.15024924278259277,
            "3_snapshot_rows": 0.007790088653564453
        },
        "create_final_covariates": {
            "overall": 220.54858493804932,
            "0_extract_covariates": 220.50447702407837,
            "1_window": 0.011301040649414062,
            "2_genid": 0.007081031799316406,
            "3_convert": 0.008868217468261719,
            "4_rename": 0.005702972412109375,
            "5_select": 0.007623195648193359
        },
        "create_summarized_entities": {
            "overall": 81.31048703193665,
            "0_summarize_descriptions": 81.29987096786499,
            "1_snapshot_rows": 0.007031917572021484
        },
        "join_text_units_to_covariate_ids": {
            "overall": 0.019232988357543945,
            "0_select": 0.003997087478637695,
            "1_aggregate_override": 0.011404037475585938
        },
        "create_base_entity_graph": {
            "overall": 9.482697010040283,
            "0_cluster_graph": 0.8005907535552979,
            "1_snapshot_rows": 0.007483959197998047,
            "2_embed_graph": 8.648480892181396,
            "3_snapshot_rows": 0.008217096328735352,
            "4_select": 0.013740777969360352
        },
        "create_final_entities": {
            "overall": 4.734684944152832,
            "0_unpack_graph": 0.4956059455871582,
            "1_rename": 0.005810976028442383,
            "2_select": 0.0055921077728271484,
            "3_dedupe": 0.007592916488647461,
            "4_rename": 0.0055999755859375,
            "5_filter": 0.028544902801513672,
            "6_text_split": 0.020512819290161133,
            "7_drop": 0.006814002990722656,
            "8_merge": 0.1764678955078125,
            "9_text_embed": 3.9442107677459717,
            "10_drop": 0.006468057632446289,
            "11_filter": 0.026652097702026367
        },
        "create_final_nodes": {
            "overall": 17.223591089248657,
            "0_layout_graph": 15.932492971420288,
            "1_unpack_graph": 0.5995640754699707,
            "2_unpack_graph": 0.5425090789794922,
            "3_drop": 0.007822275161743164,
            "4_filter": 0.047467947006225586,
            "5_select": 0.0068511962890625,
            "6_snapshot": 0.011595964431762695,
            "7_rename": 0.00675201416015625,
            "8_join": 0.019845008850097656,
            "9_convert": 0.03358793258666992,
            "10_rename": 0.008655786514282227
        },
        "create_final_communities": {
            "overall": 1.4041500091552734,
            "0_unpack_graph": 0.5123550891876221,
            "1_unpack_graph": 0.45890307426452637,
            "2_aggregate_override": 0.011107921600341797,
            "3_join": 0.027424097061157227,
            "4_join": 0.026568174362182617,
            "5_concat": 0.010972976684570312,
            "6_filter": 0.2425518035888672,
            "7_aggregate_override": 0.0200502872467041,
            "8_join": 0.010722160339355469,
            "9_filter": 0.021052837371826172,
            "10_fill": 0.008852005004882812,
            "11_merge": 0.027064800262451172,
            "12_copy": 0.009214162826538086,
            "13_select": 0.008630037307739258
        },
        "join_text_units_to_entity_ids": {
            "overall": 0.05121207237243652,
            "0_select": 0.009252071380615234,
            "1_unroll": 0.02192211151123047,
            "2_aggregate_override": 0.01129293441772461
        },
        "create_final_relationships": {
            "overall": 0.7029623985290527,
            "0_unpack_graph": 0.5200212001800537,
            "1_filter": 0.05411791801452637,
            "2_rename": 0.01001286506652832,
            "3_filter": 0.05352306365966797,
            "4_drop": 0.010443925857543945,
            "5_compute_edge_combined_degree": 0.012969970703125,
            "6_convert": 0.020946979522705078,
            "7_convert": 0.010604143142700195
        },
        "join_text_units_to_relationship_ids": {
            "overall": 0.07718920707702637,
            "0_select": 0.012551069259643555,
            "1_unroll": 0.017309188842773438,
            "2_aggregate_override": 0.024068117141723633,
            "3_select": 0.012027978897094727
        },
        "create_final_community_reports": {
            "overall": 342.9126207828522,
            "0_prepare_community_reports_nodes": 0.05678510665893555,
            "1_prepare_community_reports_edges": 0.022700071334838867,
            "2_prepare_community_reports_claims": 0.013063907623291016,
            "3_restore_community_hierarchy": 0.023624897003173828,
            "4_prepare_community_reports": 0.6594691276550293,
            "5_create_community_reports": 342.1083629131317,
            "6_window": 0.014826059341430664
        },
        "create_final_text_units": {
            "overall": 0.12336325645446777,
            "0_select": 0.012309789657592773,
            "1_rename": 0.014725923538208008,
            "2_join": 0.01694202423095703,
            "3_join": 0.013965129852294922,
            "4_join": 0.014161825180053711,
            "5_aggregate_override": 0.021212100982666016,
            "6_select": 0.017746925354003906
        },
        "create_base_documents": {
            "overall": 0.1830132007598877,
            "0_unroll": 0.014960050582885742,
            "1_select": 0.015556812286376953,
            "2_rename": 0.027943134307861328,
            "3_join": 0.016441822052001953,
            "4_aggregate_override": 0.014147758483886719,
            "5_join": 0.01593303680419922,
            "6_rename": 0.01297903060913086,
            "7_convert": 0.05185294151306152
        },
        "create_final_documents": {
            "overall": 0.0281980037689209,
            "0_rename": 0.014483928680419922
        }
    }
}