{
    "total_runtime": 1936.082423210144,
    "num_documents": 2,
    "input_load_time": 0,
    "workflows": {
        "create_base_text_units": {
            "overall": 0.19516992568969727,
            "0_orderby": 0.005989789962768555,
            "1_zip": 0.0020182132720947266,
            "2_aggregate_override": 0.005053997039794922,
            "3_chunk": 0.14739418029785156,
            "4_select": 0.0038568973541259766,
            "5_unroll": 0.006409883499145508,
            "6_rename": 0.0018687248229980469,
            "7_genid": 0.004027128219604492,
            "8_unzip": 0.002399921417236328,
            "9_copy": 0.001973390579223633,
            "10_filter": 0.012968063354492188
        },
        "create_base_extracted_entities": {
            "overall": 525.3652851581573,
            "0_entity_extract": 525.0667469501495,
            "1_snapshot": 0.07483410835266113,
            "2_merge_graphs": 0.20427966117858887,
            "3_snapshot_rows": 0.008381843566894531
        },
        "create_final_covariates": {
            "overall": 498.15512895584106,
            "0_extract_covariates": 498.0691456794739,
            "1_window": 0.030796051025390625,
            "2_genid": 0.01558828353881836,
            "3_convert": 0.013788938522338867,
            "4_rename": 0.008796930313110352,
            "5_select": 0.011711835861206055
        },
        "create_summarized_entities": {
            "overall": 84.4371509552002,
            "0_summarize_descriptions": 84.42601084709167,
            "1_snapshot_rows": 0.006845951080322266
        },
        "join_text_units_to_covariate_ids": {
            "overall": 0.02008819580078125,
            "0_select": 0.004405975341796875,
            "1_aggregate_override": 0.011924982070922852
        },
        "create_base_entity_graph": {
            "overall": 10.34326696395874,
            "0_cluster_graph": 0.7253382205963135,
            "1_snapshot_rows": 0.007096767425537109,
            "2_embed_graph": 9.590832710266113,
            "3_snapshot_rows": 0.008783817291259766,
            "4_select": 0.006762027740478516
        },
        "create_final_entities": {
            "overall": 4.036931037902832,
            "0_unpack_graph": 0.558053731918335,
            "1_rename": 0.00585484504699707,
            "2_select": 0.006639957427978516,
            "3_dedupe": 0.007892131805419922,
            "4_rename": 0.005266904830932617,
            "5_filter": 0.020329952239990234,
            "6_text_split": 0.01748490333557129,
            "7_drop": 0.009650230407714844,
            "8_merge": 0.09132695198059082,
            "9_text_embed": 3.2789318561553955,
            "10_drop": 0.007825851440429688,
            "11_filter": 0.022758960723876953
        },
        "create_final_nodes": {
            "overall": 22.69646406173706,
            "0_layout_graph": 21.661622047424316,
            "1_unpack_graph": 0.4949047565460205,
            "2_unpack_graph": 0.4066739082336426,
            "3_filter": 0.03914976119995117,
            "4_drop": 0.007169961929321289,
            "5_select": 0.006947755813598633,
            "6_snapshot": 0.009710073471069336,
            "7_rename": 0.006797075271606445,
            "8_convert": 0.03278160095214844,
            "9_join": 0.016443967819213867,
            "10_rename": 0.008169889450073242
        },
        "create_final_communities": {
            "overall": 1.3870759010314941,
            "0_unpack_graph": 0.39161109924316406,
            "1_unpack_graph": 0.46734023094177246,
            "2_aggregate_override": 0.011037826538085938,
            "3_join": 0.03243279457092285,
            "4_join": 0.03371691703796387,
            "5_concat": 0.010309219360351562,
            "6_filter": 0.3179960250854492,
            "7_aggregate_override": 0.020560264587402344,
            "8_join": 0.010667085647583008,
            "9_filter": 0.0323481559753418,
            "10_fill": 0.009141921997070312,
            "11_merge": 0.02323603630065918,
            "12_copy": 0.008901834487915039,
            "13_select": 0.008631706237792969
        },
        "join_text_units_to_entity_ids": {
            "overall": 0.040839195251464844,
            "0_select": 0.010018110275268555,
            "1_unroll": 0.010750055313110352,
            "2_aggregate_override": 0.011276721954345703
        },
        "create_final_relationships": {
            "overall": 0.4514021873474121,
            "0_unpack_graph": 0.2909579277038574,
            "1_filter": 0.04298686981201172,
            "2_rename": 0.010033130645751953,
            "3_filter": 0.043865203857421875,
            "4_drop": 0.010353803634643555,
            "5_compute_edge_combined_degree": 0.012170076370239258,
            "6_convert": 0.020298004150390625,
            "7_convert": 0.01046895980834961
        },
        "join_text_units_to_relationship_ids": {
            "overall": 0.05626702308654785,
            "0_select": 0.011018991470336914,
            "1_unroll": 0.011220932006835938,
            "2_aggregate_override": 0.012635946273803711,
            "3_select": 0.011291027069091797
        },
        "create_final_community_reports": {
            "overall": 779.9377481937408,
            "0_prepare_community_reports_nodes": 0.03684687614440918,
            "1_prepare_community_reports_edges": 0.019988059997558594,
            "2_prepare_community_reports_claims": 0.013418912887573242,
            "3_restore_community_hierarchy": 0.021741151809692383,
            "4_prepare_community_reports": 0.5400102138519287,
            "5_create_community_reports": 779.2327501773834,
            "6_window": 0.031861066818237305
        },
        "create_final_text_units": {
            "overall": 0.10818195343017578,
            "0_select": 0.012929916381835938,
            "1_rename": 0.011957883834838867,
            "2_join": 0.015484094619750977,
            "3_join": 0.013972997665405273,
            "4_join": 0.013942956924438477,
            "5_aggregate_override": 0.016128063201904297,
            "6_select": 0.012331008911132812
        },
        "create_base_documents": {
            "overall": 0.15629005432128906,
            "0_unroll": 0.014082193374633789,
            "1_select": 0.012688875198364258,
            "2_rename": 0.012788057327270508,
            "3_join": 0.014954805374145508,
            "4_aggregate_override": 0.013478994369506836,
            "5_join": 0.015673160552978516,
            "6_rename": 0.01314091682434082,
            "7_convert": 0.04727911949157715
        },
        "create_final_documents": {
            "overall": 0.027166366577148438,
            "0_rename": 0.014011859893798828
        }
    }
}