{
    "total_runtime": 463.42380595207214,
    "num_documents": 1,
    "input_load_time": 0,
    "workflows": {
        "create_base_text_units": {
            "overall": 0.17525625228881836,
            "0_orderby": 0.002374887466430664,
            "1_zip": 0.0017862319946289062,
            "2_aggregate_override": 0.003949165344238281,
            "3_chunk": 0.1364889144897461,
            "4_select": 0.0031468868255615234,
            "5_unroll": 0.0063898563385009766,
            "6_rename": 0.0023009777069091797,
            "7_genid": 0.002541065216064453,
            "8_unzip": 0.002093076705932617,
            "9_copy": 0.0022950172424316406,
            "10_filter": 0.010345935821533203
        },
        "create_base_extracted_entities": {
            "overall": 0.11635398864746094,
            "0_entity_extract": 0.0773167610168457,
            "1_merge_graphs": 0.036618947982788086
        },
        "create_final_covariates": {
            "overall": 187.03091502189636,
            "0_extract_covariates": 186.98800992965698,
            "1_window": 0.007877826690673828,
            "2_genid": 0.0058710575103759766,
            "3_convert": 0.011851072311401367,
            "4_rename": 0.005908966064453125,
            "5_select": 0.008292913436889648
        },
        "create_summarized_entities": {
            "overall": 0.2888760566711426,
            "0_summarize_descriptions": 0.28531885147094727
        },
        "join_text_units_to_covariate_ids": {
            "overall": 0.017938852310180664,
            "0_select": 0.0037488937377929688,
            "1_aggregate_override": 0.010538101196289062
        },
        "create_base_entity_graph": {
            "overall": 0.2687528133392334,
            "0_cluster_graph": 0.2603600025177002,
            "1_select": 0.004235029220581055
        },
        "create_final_entities": {
            "overall": 0.6192581653594971,
            "0_unpack_graph": 0.0610659122467041,
            "1_rename": 0.004685163497924805,
            "2_select": 0.005377054214477539,
            "3_dedupe": 0.007131099700927734,
            "4_rename": 0.005107879638671875,
            "5_filter": 0.016350984573364258,
            "6_text_split": 0.008804082870483398,
            "7_drop": 0.0056819915771484375,
            "8_merge": 0.04319882392883301,
            "9_text_embed": 0.43057727813720703,
            "10_drop": 0.007031917572021484,
            "11_filter": 0.019634008407592773
        },
        "create_final_nodes": {
            "overall": 0.7629830837249756,
            "0_layout_graph": 0.4141252040863037,
            "1_unpack_graph": 0.08418393135070801,
            "2_unpack_graph": 0.15872597694396973,
            "3_filter": 0.02236795425415039,
            "4_drop": 0.006513357162475586,
            "5_select": 0.007886886596679688,
            "6_rename": 0.007341861724853516,
            "7_join": 0.0168302059173584,
            "8_convert": 0.032330989837646484,
            "9_rename": 0.006766080856323242
        },
        "create_final_communities": {
            "overall": 0.4639739990234375,
            "0_unpack_graph": 0.06696391105651855,
            "1_unpack_graph": 0.15347003936767578,
            "2_aggregate_override": 0.01021885871887207,
            "3_join": 0.01635003089904785,
            "4_join": 0.016607046127319336,
            "5_concat": 0.00850987434387207,
            "6_filter": 0.09907388687133789,
            "7_aggregate_override": 0.014158964157104492,
            "8_join": 0.010204315185546875,
            "9_filter": 0.019409894943237305,
            "10_fill": 0.008939981460571289,
            "11_merge": 0.01596689224243164,
            "12_copy": 0.008437156677246094,
            "13_select": 0.008536100387573242
        },
        "join_text_units_to_entity_ids": {
            "overall": 0.049591064453125,
            "0_select": 0.01807999610900879,
            "1_unroll": 0.011774063110351562,
            "2_aggregate_override": 0.010987043380737305
        },
        "create_final_relationships": {
            "overall": 0.23274540901184082,
            "0_unpack_graph": 0.07119226455688477,
            "1_filter": 0.03260397911071777,
            "2_rename": 0.010872125625610352,
            "3_filter": 0.03172922134399414,
            "4_drop": 0.01206517219543457,
            "5_compute_edge_combined_degree": 0.015797138214111328,
            "6_convert": 0.027196168899536133,
            "7_convert": 0.020874977111816406
        },
        "join_text_units_to_relationship_ids": {
            "overall": 0.06160306930541992,
            "0_select": 0.013062715530395508,
            "1_unroll": 0.01280522346496582,
            "2_aggregate_override": 0.012746095657348633,
            "3_select": 0.012751102447509766
        },
        "create_final_community_reports": {
            "overall": 270.8076000213623,
            "0_prepare_community_reports_nodes": 0.0241241455078125,
            "1_prepare_community_reports_edges": 0.02495884895324707,
            "2_prepare_community_reports_claims": 0.01479196548461914,
            "3_restore_community_hierarchy": 0.023202896118164062,
            "4_prepare_community_reports": 0.33025622367858887,
            "5_create_community_reports": 270.359491109848,
            "6_window": 0.01770615577697754
        },
        "create_final_text_units": {
            "overall": 0.1058351993560791,
            "0_select": 0.01200413703918457,
            "1_rename": 0.012068033218383789,
            "2_join": 0.01446986198425293,
            "3_join": 0.014711141586303711,
            "4_join": 0.01353597640991211,
            "5_aggregate_override": 0.01455998420715332,
            "6_select": 0.012859106063842773
        },
        "create_base_documents": {
            "overall": 0.20513510704040527,
            "0_unroll": 0.013434171676635742,
            "1_select": 0.01244807243347168,
            "2_rename": 0.05718564987182617,
            "3_join": 0.03449201583862305,
            "4_aggregate_override": 0.015334844589233398,
            "5_join": 0.01762104034423828,
            "6_rename": 0.013726234436035156,
            "7_convert": 0.028645038604736328
        },
        "create_final_documents": {
            "overall": 0.030306100845336914,
            "0_rename": 0.016508817672729492
        }
    }
}