{
    "total_runtime": 1.3810408115386963,
    "num_documents": 1,
    "input_load_time": 0,
    "workflows": {
        "create_base_text_units": {
            "overall": 0.1716747283935547,
            "0_orderby": 0.0044002532958984375,
            "1_zip": 0.002351999282836914,
            "2_aggregate_override": 0.004058122634887695,
            "3_chunk": 0.1318509578704834,
            "4_select": 0.002811908721923828,
            "5_unroll": 0.004765987396240234,
            "6_rename": 0.002193927764892578,
            "7_genid": 0.002838134765625,
            "8_unzip": 0.0026111602783203125,
            "9_copy": 0.0025300979614257812,
            "10_filter": 0.009733200073242188
        },
        "create_base_extracted_entities": {
            "overall": 0.8875718116760254,
            "0_entity_extract": 0.8781118392944336,
            "1_merge_graphs": 0.006911039352416992
        },
        "create_summarized_entities": {
            "overall": 0.008043050765991211,
            "0_summarize_descriptions": 0.004927158355712891
        }
    }
}